code	value	certainty	occurrences	evidence	code_list
117	de Vloote van haere Hoog Mog. (the fleet of the States General)	probable; 1 occurrence; the exact words are not proved	Thurloe i.435, run 2, 1 Sept 1653 (to Boreel)	stands where the minute has 'indien de Vloote van haere Hoog Mog. met de Koopvaerdyschepen ...' (Verbael pp. 97-99, No. 6). As ring group 1|17 it gives q, which is not Dutch here. The English clerk left it without a gloss.	old general cipher of the States
128	den Koningh van Denemarcken (the King of Denmark)	certain; 3 occurrences, 2 with a Dutch minute	(a) Thurloe i.316, 4 July 1653, the four deputies to greffier Ruysch: 'go so high against 128', gloss 'Denmark.'; (b) Thurloe i.435, 1 Sept 1653, to Boreel: 'a private instruction from 128'; (c) Thurloe i.301, 27 June 1653, Beverning to De Witt: 'in regard of 128 a great animosity'	(a) Verbael p. 16, No. 10: 'soo hoogh gaen tegen den Koningh van Denemarcken' [IMG]; (b) Verbael No. 6: 'een secrete [instructie] voor den Koningh van Denemarcken' (earlier agent); (c) no Dutch text; the sense agrees with (a), written 7 days later	old general cipher of the States
168	generael Cromwell	probable; 1 occurrence; English gloss only	Thurloe i.454, 13 Sept 1653, Boreel to the deputies	gloss in small type above '168. 116.': 'general Cromwell ;' [IMG]. The sentence goes on 'that Cromwell should have spoken ...'. No Dutch text.	old general cipher of the States
289 (of) 135	den Raedt van State [of England] ('The council of state')	gloss only; 1 occurrence; the share of each number is not known	Thurloe i.301, 27 June 1653, Beverning to De Witt: 'exasperations by 289 of 135'	gloss in small type above the two numbers [IMG]. BHO prints the gloss and drops the numbers.	old general cipher of the States
170	France (?)	guess of Kernkamp (1906), not proved	Thurloe i.302, 27 June 1653: 'the business of 170'; De Witt to Beverning 27 June 1653: 'De depesches op 170'	Kernkamp, Brieven van De Witt i (1906) p. 92 n. 2: Fruin did not solve 170; Kernkamp thinks France [OCR text]	old general cipher of the States
171, 190	not read	open	Thurloe i.301, 27 June 1653: 'no treaty is here with 190 ... in regard of 171'	no gloss, no Dutch text	old general cipher of the States
297	Cromwell	English gloss; several occurrences	Thurloe i.442 (Beverning to Nieupoort, about 1 Sept 1653) 'I am told 297 likewise hath heard of it', gloss 'Cromwell' [IMG]; also i.418, i.443	shows that the deputies' own list (changed on 4 July 1653) has another number for Cromwell than Boreel's 168	NOT Boreel's: list of the deputies as changed on 4 July 1653 (Verbael p. 16-17)
330	de Prince van Oraigne	printed Dutch text	Thurloe i.340, 18 July 1653, Beverning and Nieupoort to De Witt	Brieven aan De Witt i (1919) pp. 80-83 (earlier agent, OCR text)	NOT Boreel's: changed list of 4 July 1653
309, 387, 400, 434 455, 502	Scotland; assembly; Opdam; States General; states [of Holland]	English glosses, read in the OCR text only	Thurloe i.428-450, Beverning to Nieupoort, Aug-Sept 1653	glosses of the 1742 print as the OCR text gives them; not checked on the page images	NOT Boreel's: changed list of 4 July 1653
