entry	text_and_source	size	system_known	teams_tried_and_where_they_stopped	our_first_view
Charles I to Henrietta-Maria, private cipher, 8 April 1645	printed with figures in The King's Cabinet Opened (1645) no. and Rushworth v.948; Tomokiyo charlesi.htm "Private Cipher"; free online	21 groups (3 9 8 270 55 5 7 67 18 294 35 69 16 54 6 38 1 67 68 9 66)	cipher sent by Pooly, 5 March 1645, "none hath a copy but myself"; letters under 70, two words (270, 294)	Tomokiyo: unsolved, points to Green p.299 (Queen's letter of 2 April 1645) as possible help; no folder in Bourdeau, cipher-lab or Aymeloglu (grep 4 Oct 2026)	too short for structure (21 groups); needs a second letter in the same cipher
Isle of Wight: Charles I to Worsley ("Z"), 22 May 1648	printed with figures in Albin, History of the Isle of Wight (1795) p.237; original at Carisbrooke Castle Museum; free (archive.org)	112 groups, 76 distinct, max 416	letters 1-97 with consecutive homophones; words 204-416; 395 = a man's name (letter of 16 May)	Cipherbrain thread 2021 (Biermann, Bosbach, Brown, Ernst, Lasry): different key from Sept-Nov; Bourdeau charlesi (Sept 2026): Sept-Nov key excluded (z 0.09), Titus key excluded by number bands (P 1.4e-10), near-repeat of 7 groups significant; stopped: "needs the key"	not Titus, not the 1646 key (no group in 98-203)
Isle of Wight: Charles I to Prince Charles, 1 Aug 1648	BL Harley MS 6988 f.208 (DECODE R8342); printed with figures in Ellis, Original Letters; clear part in Halliwell ii.449; free in print	88-99 groups, 66 distinct, max 592	"the cipher sent you by the noble friend who conveys this letter"; two groups in 108-141	same teams; Bourdeau checked the leaf (21 Sept 2026): transcription holds; stopped: "needs the key" (Lauderdale papers?)	test against sister keys by shift (below)
Maurice to Rupert, Worcester, 7 July 1645	printed with figures in Warburton, Memoirs of Prince Rupert iii.133; original BL Add MS 18980-82 (offline); free in print	93 groups, 63 distinct, max 398	no two low groups in a row; clear words inside ("Garrison", "Accordingly")	Bourdeau rupert (15 Sept): known Rupert keys do not fit by range; cipher-lab maurice-rupert-1645 (25 Sept-3 Oct): tested Digby key 118 (Ormond-Rupert), key 129, Osborne-Rupert keys (DECODE 8443/8444), Add MS 32256 forms: all at shuffled-key level; parked	already swept with sister keys by cipher-lab; no new help found by us
Intercepted royalist letter, 21 May 1646	BL Add MS 72438 f.9 (DECODE R8623, login); transcription by Aymeloglu (royalist-1646/f9_ct.txt)	151-156 tokens, max 343	smaller key; 226 = London by the key of the f.4 intercept (Aymeloglu)	Aymeloglu: not attacked; cipher-lab: key 129 gives no signal	open
Intercepted letter to Charles I, 13 May 1646	BL Add MS 72438 f.10 (DECODE R8624, login); transcription by Aymeloglu (royalist-1646/f10_ct.txt, 735 tokens)	735 tokens, about 173 distinct word codes, max 697	Aymeloglu (16 Sept 2026): same cipher as the King's letters to Nicholas of 24 June and 16 Aug 1646 (Evelyn iv.178-179); about 45 values; he names it "Digby key no. 129"	Aymeloglu: annealing fails, "needs the decipher or the rest of the key"; cipher-lab (2-4 Oct): key confirmed against page images, 164-192 of 735 tokens keyed, judge FAIL, "not reading ready"	LARGEST TEXT. New link (ours): the word list is the King's Titus cipher of 1648 (Hillier 1852 prints 15 letters with decipherment) with a shift of +4 (a-h), 0 (i-n), +1 (o-t), +8/+9 (w-y and all above). 647 43 20 280 681 = "fif-t-h of May"; the King's reply of 2 June names "one letter from you, which was of the 5th of May". Writer: Nicholas at Oxford.
Craven to Rupert, The Hague, 6 Nov 1648	BL Add MS 18982 ff.134-135 (DECODE R8447, login); not printed with figures	not known (no public transcription)	different from the other ciphers of the volume (Tomokiyo)	no project has a transcription	blocked: no image without login
Charles II to Hamilton, Aug-Sept 1650	printed with figures: Account of the Preservation (1766) p.86; Camden 1880 nos 174-177; originals NRS GD406/1/10573-10576	102 groups, 67 distinct, max 384	small nomenclator; 132 = Dunfermline	Bourdeau hamilton (14-15 Sept): two witnesses collated; key located NRS GD406/1/2197 (not online); cipher-lab: archive request lane; Aymeloglu: Wallis papers as second place	blocked on the key at Edinburgh
Ormond to Arran, 24 Jan 1678	HMC Ormonde N.S. iv.93; free (archive.org)	24 groups, max 732	"a trial whether you are skilful in deciphering"	Tomokiyo tried the nearest Ormond-Arran key; cipher-lab ormond-arran-1678 (25 Sept): no decipherment in the calendar, no key	too short; skipped
Hyde intercepted letter, 1 Nov 1659	(another agent)				skipped by instruction
