# Code units with a period gloss in at least two places (ff. 17/105, 21v, 22r, 26r), marks as I read them. "base" = figure without marks.
10	a (also Amb.re when marked 10b / 10-b)
28=	che
82d	di
83=	per
83bb	in
83	in / per (mark not read)
76=	non
76_	non
63_	la, le
67	il
67bb	il, li
69	da, dal
<.>	et
68=	ma
84=	perché
(50)	V.E.
(36)	lei
(34)	io
(35)	lui
(43)	S.S.tà
(45)	S.A.
32-	Papa
32=	Papa
47-	Re di Spagna
44-	Re di Francia
11^v	questo
33db	medesimo
(32)	havere
(27)	essere
(11)	se
80d	fatto, fare
29d	con
56_	hora
44=	fino
39bb	grandissimo
39	grande
59	parola
70d	danaro
99	Parigi
14-	suo
14-b	suo
63	cosa
97_	qualche
16	accettare
87-	volontà
50	gusto
68	il quale
68bb	il quale
73d	mostrare
26_	legato
25=	assai
25_	assai
51_	già
13_	sapere
46	cardinale
10b	Amb.re
42_	servitio
79_	lettere
49	animo
(22)	troppo
22b	tanto
61	particolarmente
74_	collegato
