line	v4 unit	consensus v3	pass B	pass C	change
L01	44~^._.?%	14_:?	14~_.	44~^._.?	FIGURE
L01	32^-	32^^?	82^-?	32^-	MARK
L01	45^.	45?	45^.	45^.	MARK
L02	76_-	76=?	76_-	76_-	MARK
L02	33~^:	33^^?	33~^:	33~^:?	MARK
L02	53^-_.	53~?	53^-_.	53^-_.	MARK
L02	96_-	96_.?	90_-	96_-	MARK
L02	33^.@A	33?	33^.	33^.	MARK
L02	82^.	82?	82^.	82^.	MARK
L02	70^:@C	70?	70^:	70^:	MARK
L03	58^.	58?	58^.	58^.?	MARK
L03	68=	68_-?	68=	68=	MARK
L03	15^^_v?!	11^^_v?	15^^_v	15^^_v?	FIGURE
L03	68=	68_-?	68=	68=	MARK
L03	(11)	(15)?	(21)	(11)	FIGURE
L04	70=	50^-?	70=	70=	FIGURE
L04	70^.	70?	70^.	70^.	MARK
L04	84=?	44_.?	84=	94=?	FIGURE
L04	20^._.	20^.?	20^._.	20^._.	MARK
L04	87_:	87?	87_:	87_:?	MARK
L04	93=	13_-?	93=	93=	FIGURE
L04	59^.@A	59?	59^.	59^.	MARK
L04	98^:	98^.	98^.	98^:	MARK
L04	76_-	76=?	76_-	76_-	MARK
L04	61^:?	61_:?	61^:	61^.?	MARK
R01	65~^-_.	65~_.?	65~^-_.	65~^-_.	MARK
R01	(14)	(44)?	(14)	(14)	FIGURE
R01	42^-_.?	47_.?	42^-_.	42^-_.	FIGURE
R02	34^.@A	34^:?	34^.	34^.	MARK
R02	30^._-	30=?	30^._-	30^._-	MARK
R02	95=	75=?	95=	95=	FIGURE
R02	83~_-	83=?	83~_-	83~_-	MARK
R02	87~^-_.?	87~_.?	87^-_:?	87~^-_:?	MARK
R02	72^._.	72^.?	72^._.	72^._.	MARK
R03	76_-?	76=?	76_-?	26_-	MARK
R03	62=	62_-?	62=	62=	MARK
R03	2n	-	24	2?	NEW UNIT
R03	46	-	6x?	46	NEW UNIT
R04	29^.?	-	29~?	19~?	NEW UNIT
R04	32^-	32=?	32^-	32^-	MARK
R04	93=	13_-?	93=	93=	FIGURE
R04	83=	83_-?	83=	83=	MARK
R04	73~^._.	73~_.?	73~^._.	73~^._.	MARK
R04	69^.	69	69?	69^.?	MARK
R05	28^-_.?	28=?	28^-	28^-_.?	MARK
R05	98=?%	9x=?	98=	98=?	FIGURE
R05	69^.	69	69	69^.	MARK
R05	69^.	69	69	69^.	MARK
R06	90^._.	90_.?	90^._.	90^._.	MARK
R06	71^-_.!	71_.?	71^-_.	71^-_.	MARK
R07	79=	79_-?	79=	79=	MARK
R07	79~^._-?	79~^.?	79~?	79~^._-?	MARK
