group	value	class	tokens	note
a1	_	null	1	kept; numbers 0-5: null
a2	_	null	3	kept; numbers 0-5: null
a3	_	null	2	kept; numbers 0-5: null
a4	_	null	1	kept; numbers 0-5: null
a5	_	null	7	kept; numbers 0-5: null
a8	z	probable	2	changed from the last pass (was: a, guess); pe-re-z (secretario Perez); the reversed alphabet gives a = z
a13	abenche	probable	1	kept
a17	absentia	probable	3	new; in mia absentia; in essa absentia (3 places)
a23	accad	probable	1	kept
a35	acord	guess	2	kept
a48	acio	probable	4	kept
a51	ad	sure	9	kept
a60	adriz	probable	5	kept
a61	adviso	probable	7	kept; family order
a62	advis	probable	6	kept; family order
a63	advisat	probable	2	changed from the last pass (was: advis, guess); ho advisat-o soa excellentia; advisat-o
a84	advert	sure	4	kept; order conflict with a63 advisat, a62 advis
a87	advenir	probable	1	kept; class guess -> probable; order conflict with a63 advisat, a62 advis
a104	afferm	probable	3	kept
a116	agiut	probable	2	kept; family order
a120	agiong	probable	1	kept; family order
a126	agostino	probable	1	kept; class guess -> probable
a127	al	sure	13	kept
a135	alcun	probable	6	kept
a136	alcun	guess	1	new
a137	alcuna	probable	9	kept
a138	alcuni	probable	1	kept; class guess -> probable
a139	alcuno	guess	1	new
a143	alhora	guess	1	new
a152	altro	probable	8	kept; family order
a153	altra	probable	6	kept; family order
a154	altre	probable	5	kept
a155	altri	probable	5	kept; class guess -> probable
a156	alarg	probable	1	new; order conflict with a155 altri, a154 altre; mi alarg-o con voi confidentemente; order conflict (after a155 altri)
a159	aleg	probable	1	new; order conflict with a155 altri, a154 altre; possano aleg-a-re; order conflict (after a155 altri)
a170	ambassator	probable	2	new; a suo ambassator el qual
a171	ambassatori	probable	2	new; li altri ambassatori liga-n-ti; a li ambassatori de la liga
a174	amico	probable	2	kept; family order
a176	amici	probable	1	kept; family order
a180	ampl	probable	1	new; piu ampl-a-mente; order conflict
a185	amicitia	probable	1	kept; class guess -> probable; order conflict with a180 ampl
a186	anche	probable	4	kept; class guess -> probable
a187	anche	probable	2	kept
a191	animo	probable	1	new; lo animo suo inclinato
a195	ano	probable	3	kept
a196	anni	probable	1	kept; class guess -> probable; order conflict with a195 ano
a201	ansaldo	guess	1	new; altri .. che Ansaldo ha platicato novamente (Ansaldo Grimaldo, banker); a-list not in order here
a204	ante	probable	1	changed from the last pass (was: anci, guess); ante-detto
a209	and	sure	7	kept; order conflict with a204 ante, a195 ano
a257	arcivescovo	probable	1	kept
a272	are	probable	2	new; prest-are, mand-are
a273	arme	probable	1	new; exalt-arme
a283	arriv	probable	1	kept; class guess -> probable
a299	asecur	probable	1	kept
a302	aspet	probable	3	kept
a303	atonit	probable	1	new
a304	attento	probable	2	new; family order; attento quanto tu et Iacobo me ne haveti scripto; attento li advisi
a305	attent	probable	1	kept; class guess -> probable; family order
a311	avanti	sure	4	kept
a314	audac	probable	1	kept
a315	augment	probable	1	kept; class guess -> probable
b5	_	null	1	kept; numbers 0-5: null
b10	ba	probable	3	kept
b20	barzelona	probable	1	kept; class guess -> probable
b26	basta	probable	1	new
b49	be	probable	2	kept
b57	ben	probable	4	kept
b58	bene	probable	1	new; ne spera bene
b80	bi	probable	6	kept
b101	bisogna	probable	1	new
b103	bo	probable	1	kept; class guess -> probable
b113	bon	probable	6	kept
b114	bona	probable	6	kept
b115	bone	probable	1	kept; class guess -> probable
b147	breve	probable	2	kept
c3	_	null	1	kept; numbers 0-5: null
c4	_	null	5	kept; numbers 0-5: null
c7	u	sure	2	kept
c8	u	sure	7	kept
c9	u	sure	1	kept
c10	ca	probable	8	kept
c21	calculo	probable	1	new; family order; che ogni calculo perdo
c27	calcul	probable	1	new; family order; non si po calcul-a-re stabile
c32	cambi	probable	3	kept
c42	can	probable	1	new; lassar .. da can-to
c48	cancellar	probable	1	kept; class guess -> probable
c50	capo	guess	1	new
c51	capi	probable	1	new; capi-to-r-no
c65	capitar	probable	1	capitar-e in palazo a man de governanti; a native speaker read capite/capire; sorts between capi and car
c75	car	probable	2	kept
c76	cara	probable	1	kept
c85	carta	probable	1	kept
c109	casa	probable	2	kept
c125	caut	sure	6	kept; family order
c129	cavalier	probable	1	new; family order; del cavalier Bi-li-a suo ambassator (Bilia, envoy of the duke of Milan); order conflict with c125 caut
c136	ce	probable	8	kept
c142	centurione	probable	1	kept; class guess -> probable
c148	certo	probable	2	kept; family order
c151	certific	probable	1	new; family order; habia a certific-a-r-si
c153	cerca	probable	2	kept; family order
c170	che	sure	110	kept
c171	chi	probable	6	kept
c183	ci	probable	2	changed from the last pass (was: cia, guess); pa-s-ci-u-to; fa-ci (changed from cia)
c185	cia	probable	2	kept; class guess -> probable
c187	cione	sure	7	kept
c191	cinque	guess	1	kept
c193	cinquecento	probable	2	kept; order conflict with c187 cione
c194	circa	probable	1	new; circa el fato de la unione
c208	co	probable	7	kept
c211	cognosc	sure	6	kept
c216	col	probable	5	kept
c227	como	sure	17	kept
c234	comun	probable	1	new; per comun-e ingrato
c235	comunita	probable	1	new; family order; order conflict with c239 compagnia
c239	compagnia	probable	2	new; family order; in compagnia de li altri; a Nicolo de .. et compagnia
c242	comenza	probable	1	kept; family order
c246	comunic	probable	2	kept
c258	conpet	probable	1	kept
c263	conte	probable	1	kept; class guess -> probable; family order
c267	consiglio	probable	3	kept; family order
c268	consigli	probable	1	kept; family order
c272	contra	probable	2	kept; order conflict with c281 conserv, c287 condicione
c281	conserv	probable	1	kept; class guess -> probable; family order
c287	condicione	probable	1	kept; class guess -> probable; family order
c288	conveni	probable	2	new; family order; conveni-re che .. resta in quello stato el duca; conveni-r-li piu
c291	consider	probable	4	kept; family order
c292	continu	probable	4	kept; family order
c296	cont	probable	1	kept; class guess -> probable; family order
c312	copia	probable	3	kept
c315	corp	probable	1	new
c320	cos	sure	18	kept
c321	cort	guess	2	new; che regna in cort-e; order conflict
c322	cred	probable	2	kept
c325	cura	probable	1	new; dare alcuna cura
D9	vu	probable	3	kept
d4	_	null	3	kept; numbers 0-5: null
d8	t	probable	1	kept
d9	t	probable	2	kept
d10	da	probable	31	kept
d13	dal	probable	2	new; dal imperator et da tuti questi signori; dal .. et da altri
d15	dano	probable	2	changed from the last pass (was: dal, guess); se mi dano continuamente; con dano et ... suo
d18	dapoi	probable	3	kept
d23	dat	probable	1	kept
d24	dato	sure	4	changed from the last pass (was: dat, guess); family order; man-dato, recor-dato, haver dato (4 places)
d25	dat	probable	1	kept; family order
d30	dar	probable	6	kept; family order
d34	de	sure	12	kept
d35	de	sure	47	kept
d36	de	sure	31	kept
d37	de	sure	17	kept
d46	debia	guess	1	new
d47	deb	probable	1	kept
d48	debeno	probable	1	kept; class guess -> probable
d52	dece	guess	1	kept
d78	del	sure	37	kept
d81	deliberat	probable	1	new; family order; e deliberat-o giu-ca-r-li del resto
d84	deliberacione	probable	1	changed from the last pass (was: delibera, guess); family order; la deliberacione de volersi servire di me
d96	denari	probable	1	kept
d100	denot	probable	4	changed from the last pass (was: deput, probable); nomi denot-a-ti, offici denot-a-ti, che havete denot-a-to, morte .. denot-a-ta; fits before d102 dente (deput would not)
d102	dente	probable	1	new; con-fi-dente-mente
d120	des	probable	4	kept
d127	desider	probable	4	kept
d147	despecto	guess	1	new
d156	detto	sure	14	kept; family order
d157	detta	probable	2	kept; family order
d158	detto	probable	6	kept; family order
d159	dette	probable	1	kept; class guess -> probable; family order
d168	devotione	probable	1	new; solita devotione et servitio de soa maesta
d178	di	probable	7	kept
d179	di	probable	11	kept
d180	di	probable	7	kept
d183	dificulta	probable	1	kept; class guess -> probable
d198	diligent	probable	1	kept; family order
d201	dilect	probable	1	kept; family order
d202	dio	sure	4	kept
d204	dir	probable	1	kept
d205	dir	probable	3	kept
d216	distint	probable	1	kept
d226	discor	probable	1	new; order conflict with d216 distint; utile discor-di-a; order conflict with d216 distint
d245	do	sure	4	kept
d246	do	sure	15	kept
d251	dodeci	guess	1	kept
d266	dotor	probable	1	new; esser stato dotor-e quello per chi e vacata
d270	dove	probable	3	kept
d272	domand	probable	1	kept; class guess -> probable; order conflict with d270 dove, d266 dotor
d280	drieto	probable	1	kept; class guess -> probable
d281	du	probable	2	kept
d282	dubio	sure	3	kept; family order
d283	dubi	probable	1	kept; family order
d285	ducati	probable	2	kept; family order
d286	duc	probable	1	new; family order; con-duc-a
d288	duca	probable	1	kept; class guess -> probable
d289	duca	probable	1	kept
d299	dura	probable	1	kept; family order
d300	dur	probable	1	new; family order
d303	dubit	guess	1	new
d304	dubit	guess	1	new; non dubit-a quelle esser la vera .. via
e2	_	null	1	kept; numbers 0-5: null
e7	s	sure	6	kept
e8	s	sure	7	kept
e9	s	sure	5	kept
e16	effecto	probable	2	kept; class guess -> probable
e25	el	probable	14	kept
e39	elega	probable	1	new; Dio elega de tuto il meglio
e49	en	probable	5	kept
e67	era	probable	8	kept
e71	essa	probable	2	new; in essa mencionate; in essa absentia; family essa, esse, esso
e72	esse	probable	8	kept
e73	esso	probable	6	kept; family order
e74	essi	probable	2	new; family order
e75	esser	sure	14	kept; family order
e76	essendo	probable	3	new; family order; 3 places
e82	etiam	probable	7	kept
e96	evento	probable	3	kept
e106	ex	probable	2	kept
e118	exalt	probable	3	kept
e124	excusat	probable	1	new
e142	exercicii	probable	1	new; altri exercicii et cure extraordinarie
e143	exercir	probable	2	new; exercir-me in offici; non si po exercir-e esso officio
e145	exercito	probable	2	kept; family order
e146	exerciti	probable	2	kept; family order
e173	express	probable	1	kept; class guess -> probable
e205	extend	probable	1	kept
f1	_	null	2	kept; numbers 0-5: null
f2	_	null	4	kept; numbers 0-5: null
f3	_	null	2	kept; numbers 0-5: null
f4	_	null	5	kept; numbers 0-5: null
f5	_	null	6	kept; numbers 0-5: null
f6	r	sure	7	kept
f7	r	sure	4	kept
f8	r	sure	21	kept
f9	r	sure	10	kept
f10	fa	probable	14	kept
f12	fact	probable	3	kept
f13	far	probable	12	kept
f15	fato	probable	7	kept; family order
f16	fati	probable	1	new; family order; de fati soi
f17	fatta	probable	3	kept
f18	fatte	probable	1	kept; class guess -> probable
f19	facil	probable	2	new; order conflict with f18 fatte, f17 fatta; facil-mente twice; order conflict with f15-f18
f44	favor	probable	1	kept
f47	fe	probable	1	kept
f48	febraro	probable	2	kept
f57	fermeza	probable	1	changed from the last pass (was: ferm, guess)
f75	fi	probable	6	kept
f78	fint	probable	1	kept; class guess -> probable
f91	fin	guess	1	new
f131	fornari	probable	2	changed from the last pass (was: fiol, guess); Nicolo de Fornari; Tomaso de Fornari qual e partito per Italia (Tommaso Fornari, also on the sheet of cover names)
f138	forza	probable	3	kept
f140	fortuna	guess	1	new; order conflict with f138 forza
f141	forma	guess	1	new
f145	forsi	probable	2	new; order conflict with f138 forza; 2 places; the for- zone is not in order
f154	fora	probable	1	kept; class guess -> probable; order conflict with f138 forza, f131 fornari
f183	fructo	probable	1	kept
f196	fumo	probable	1	kept; class guess -> probable
f213	fusse	probable	2	kept
f219	funda	probable	1	kept; class guess -> probable; order conflict with f213 fusse
g1	_	null	2	kept; numbers 0-5: null
g2	_	null	1	kept; numbers 0-5: null
g3	_	null	1	kept; numbers 0-5: null
g10	ga	probable	3	kept
g44	ge	probable	3	kept
g61	general	guess	1	new
g64	genoa	probable	2	kept
g72	gia	probable	8	kept
g74	giesie	probable	1	kept; class guess -> probable
g82	giorno	probable	2	kept; family order
g84	giornata	probable	3	kept; family order
g94	giova	probable	2	kept
g103	giu	probable	1	new; giu-ca-r-li del resto (idiom)
g106	gli	probable	1	kept
g121	goder	probable	1	new; con goder-e etiam del utile
g126	governo	probable	1	kept; class guess -> probable; family order
g127	governa	probable	2	kept; class guess -> probable; family order
g129	governi	guess	1	new
g140	grande	probable	7	kept; family order
g146	gran cancellero	probable	4	kept; family order
g154	gratia	probable	1	kept
g159	grato	probable	2	kept
g197	guerra	probable	1	kept
g207	guida	probable	1	kept; class guess -> probable
g208	guardi	guess	1	new
h1	_	null	1	kept; numbers 0-5: null
h3	_	null	1	kept; numbers 0-5: null
h4	_	null	2	kept; numbers 0-5: null
h5	_	null	2	kept; numbers 0-5: null
h7	n	sure	4	kept
h8	n	sure	13	kept
h9	n	sure	5	kept
h10	ha	sure	12	kept
h27	habi	probable	5	kept
h29	have	probable	4	kept
h30	have	sure	21	kept; family order
h32	hai	probable	3	kept; class guess -> probable; family order
h33	havut	probable	1	kept; family order
h34	hano	probable	6	changed from the last pass (was: haver, probable); family order; 6 places (changed from haver); inside the family of have
h36	havere	probable	1	kept; class guess -> probable
h47	hi	guess	1	new
h49	hieronimo	sure	4	kept
h50	hieronimo	probable	2	kept
h57	ho	sure	21	kept
h58	hogi	probable	1	kept; class guess -> probable
h65	honesta	probable	1	new; con honesta ne posia esser excusat-o
h66	honeste	probable	1	kept; class guess -> probable
h73	honorat	sure	3	kept
i4	_	null	1	kept; numbers 0-5: null
i7	p	probable	1	kept
i8	p	probable	1	kept
i10	ia	probable	7	kept
i11	iacobo	probable	3	kept
i29	il	probable	19	kept
i43	imagin	probable	1	new
i58	imperator	probable	2	kept
i73	important	probable	1	kept; class guess -> probable; family order
i76	importantissim	guess	1	changed from the last pass (was: import, guess)
i88	impetra	guess	1	new
i99	import	probable	2	changed from the last pass (was: in, guess); family order; quanto import-a il secreto; changed from in
i100	in	sure	79	kept
i105	inclina	probable	1	new
i108	inconvenient	probable	3	kept
i156	infinit	probable	1	new; una infinit-a
i165	informacione	probable	1	changed from the last pass (was: inform, guess)
i221	insieme	guess	1	new
i223	instant	probable	1	new; nel medesimo instant-e
i246	intende	probable	6	kept
i249	intes	probable	2	kept
i259	intim	probable	1	kept
i272	inten	guess	1	new
i286	io	probable	9	kept
i295	italia	sure	6	kept
i306	iudicio	probable	1	new; family order
i307	iudic	probable	1	kept; class guess -> probable; family order
i318	iulian	guess	2	new; a person; Julian de la Speza is on the sheet of cover names
l5	_	null	1	kept; numbers 0-5: null
l6	m	sure	3	kept
l7	m	guess	1	kept
l8	m	sure	3	kept
l9	m	sure	2	kept
l10	la	sure	46	kept
l17	laltra	probable	2	kept
l30	larg	probable	1	kept; class guess -> probable
l43	lass	sure	6	kept
l47	le	sure	44	kept
l56	lege	probable	2	kept
l57	lei	guess	1	new
l77	li	sure	43	kept
l78	li	probable	1	kept; class guess -> probable
l92	liga	probable	2	new; liga-n-ti; de la liga
l97	lion	probable	2	kept
l98	littera	probable	1	kept
l99	littere	sure	15	kept
l106	lo	probable	3	kept
l107	lo	probable	7	kept
l108	lo	probable	11	kept
l109	loco	probable	3	kept
l128	lor	probable	2	new
l130	lu	sure	6	kept
l131	lui	probable	4	kept
l143	luna	probable	1	new; piu larg luna da laltra (the duplicate gives l143)
m3	_	null	1	kept; numbers 0-5: null
m5	_	null	1	kept; numbers 0-5: null
m6	o	sure	16	kept
m7	o	sure	23	kept
m8	o	sure	30	kept
m9	o	sure	21	kept
m10	ma	sure	14	kept
m11	madre	probable	2	kept
m19	magior	probable	3	kept
m29	mai	probable	2	kept; class guess -> probable
m34	mal	probable	1	kept
m46	man	probable	5	kept
m47	man	probable	3	kept
m49	manco	probable	1	changed from the last pass (was: man, guess); family order; ne io manco di esserlo
m50	manca	probable	3	kept; family order
m51	mand	guess	1	new
m56	mando	probable	2	kept; family order
m57	mand	probable	8	kept; family order
m61	manteniment	probable	1	new; per il manteniment-o mio et de casa mia
m75	mar	probable	1	kept
m80	maravegli	probable	1	kept
m82	marzo	probable	2	kept; family order
m87	maria	probable	1	kept; family order
m99	materia	probable	4	kept
m104	maxime	probable	3	kept
m107	me	probable	22	kept
m108	medio	guess	1	new
m109	medesimo	probable	1	kept
m119	meglio	sure	5	kept
m131	men	probable	2	kept
m136	mente	sure	21	kept
m137	mente	probable	4	kept; class guess -> probable; family order
m140	menta	probable	2	new; family order; mo-menta-ne-e; s-ca-r-menta-to
m148	mercanti	guess	1	new
m150	mercante	guess	1	new
m157	messer	probable	3	kept
m160	me	guess	1	new
m162	mea	guess	1	new
m166	meter	guess	1	new
m168	mezo	probable	2	kept
m170	mi	sure	29	kept
m171	mio	probable	1	kept; family order
m172	mia	probable	9	kept; family order
m173	mie	probable	1	kept
m176	mille	probable	2	kept
m177	millia	probable	2	kept
m187	ministri	probable	1	kept; class guess -> probable
m188	ministri	guess	1	new
m191	miracul	guess	1	new
m210	milano	guess	2	changed from the last pass (was: mo, guess); stato de Milano .. morte de Borbone; order conflict (before m211 mo)
m211	mo	probable	5	kept
m212	modo	sure	11	kept; family order
m213	modi	probable	1	changed from the last pass (was: modo, guess); family order
m223	molto	sure	4	kept; family order
m226	molti	probable	1	kept; family order
m236	monaco	guess	2	new
m241	morte	probable	2	kept
m247	mostra	probable	3	kept
n1	_	null	1	kept; numbers 0-5: null
n5	_	null	1	kept; numbers 0-5: null
n6	i	sure	14	kept
n7	i	sure	15	kept
n8	i	sure	30	kept
n9	i	sure	15	kept
n10	na	probable	4	kept
n11	napoli	probable	3	kept
n38	ne	sure	38	kept
n40	necessita	probable	3	kept
n47	negocii	probable	1	new
n57	nega	probable	2	kept; order conflict with n47 negocii
n60	nel	probable	7	kept
n71	ni	probable	3	kept
n77	niun	probable	5	kept
n84	niuno	probable	1	a native speaker proposed "nessuno"; the writer's form niuno sorts exactly here (after niun 77)
n85	no	probable	15	kept
n86	no	probable	9	kept
n87	no	probable	4	kept
n88	no	probable	6	kept
n89	non	sure	15	kept
n90	non	sure	22	kept
n97	nome	probable	1	kept; order conflict with n90 non, n89 non
n105	nostro	probable	4	kept; family order
n106	nostra	probable	1	kept; family order
n115	notific	probable	1	kept
n121	nova	probable	1	kept
n124	novo	probable	3	kept
n134	nu	probable	1	kept
n213	nomi	guess	1	kept
o2	_	null	3	kept; numbers 0-5: null
o3	_	null	3	kept; numbers 0-5: null
o4	_	null	4	kept; numbers 0-5: null
o5	_	null	3	kept; numbers 0-5: null
o7	l	probable	2	kept
o8	l	probable	3	kept
o9	l	probable	2	kept
o27	observantia	probable	1	new; family order; senza alcun dubio de in-observantia .. soa maesta e observatore di fe
o31	observa	probable	1	kept; family order
o33	obstante	probable	1	new; non obstante quante ragione
o65	occorrentie	probable	3	kept
o66	octo	probable	3	kept
o72	ocupa	probable	1	kept; class guess -> probable
o75	ocupacione	probable	1	new; family of o72 ocupa
o99	offer	probable	1	kept; class guess -> probable
o105	officio	probable	7	kept; family order
o106	offici	probable	5	kept; family order
o113	ogni	sure	13	kept
o119	oltra	probable	4	kept
o126	opera	probable	2	kept; class guess -> probable
o129	opere	probable	1	kept; class guess -> probable
o130	opinione	probable	2	kept
o148	orator	probable	2	kept; class guess -> probable
o152	ordine	sure	4	kept; class guess -> sure; family order
o156	ordinat	probable	2	kept; family order
o157	ordina	probable	3	kept; family order
o165	oro	probable	1	kept
p1	_	null	1	kept; numbers 0-5: null
p2	_	null	5	kept; numbers 0-5: null
p3	_	null	6	kept; numbers 0-5: null
p4	_	null	10	kept; numbers 0-5: null
p5	_	null	5	kept; numbers 0-5: null
p10	pa	probable	4	kept
p11	pace	guess	1	new
p22	padre	probable	1	kept
p29	paga	probable	2	kept; class guess -> probable
p32	pagament	probable	2	kept
p34	palazo	probable	2	new; tolte in palazo; capitare in palazo a man de governanti
p41	pane	probable	1	kept
p45	paper	probable	1	new
p47	parte	probable	3	kept
p49	parti	probable	1	kept
p50	particip	guess	1	new
p53	partito	probable	2	kept; family order
p57	particular	probable	2	kept; family order
p58	particularita	guess	1	new
p61	parla	probable	5	kept; family order
p66	par	probable	1	new; family order; non me par che sia inconveniente
p74	pasqua	probable	1	kept; class guess -> probable
p76	parla	probable	3	kept; class guess -> probable; order conflict with p74 pasqua, p57 particular
p78	passi	probable	1	changed from the last pass (was: pass, guess); family order; tu te passi molto .. in li advisi
p89	partir	probable	1	kept; class guess -> probable; order conflict with p78 passi, p74 pasqua
p97	passa	probable	2	kept; class guess -> probable; family order
p102	pe	probable	3	kept
p137	penso	probable	1	changed from the last pass (was: pens, guess); family order
p138	pensa	probable	2	kept; family order
p142	penna	probable	1	new; family order; con la penna .. piena de lacte
p149	per	sure	50	kept
p150	perche	sure	19	kept
p152	perche	probable	3	kept
p153	pero	sure	6	kept; family order
p155	perde	probable	1	kept; class guess -> probable; family order
p156	perdo	probable	1	new
p161	persuas	probable	1	kept; family order
p168	persona	probable	2	kept; family order
p170	personagi	probable	1	changed from the last pass (was: persone, guess); family order; de li personagi che .. da mandare in italia
p180	perfect	guess	1	new
p188	persever	probable	2	changed from the last pass (was: pi, guess); family order; se la guerra persever-a-ra
p194	perturb	probable	2	changed from the last pass (was: pi, guess)
p217	petra	probable	1	kept
p228	pi	probable	1	kept
p232	pian	probable	1	kept; class guess -> probable; family order
p234	piace	probable	1	kept; family order
p235	piac	probable	1	kept; family order
p238	pien	probable	2	new; pien-a de lacte; piu a pien-a advisato
p246	piu	sure	25	kept
p249	platic	guess	2	kept
p251	platica	probable	1	kept
p255	po	probable	13	kept
p256	poco	probable	2	kept; family order
p257	poca	probable	1	kept; family order
p260	poi	probable	5	kept
p270	porta	probable	1	kept; class guess -> probable
p271	porto	probable	1	new; family order; con-dur-lo a porto; family porta, porto, porti
p273	porti	probable	1	kept; class guess -> probable; family order
p281	pot	sure	8	kept; family order
p282	poss	sure	12	kept; family order
p291	pre	probable	1	kept; class guess -> probable
p292	pro	probable	1	kept; class guess -> probable; order conflict with p293 prefat, p296 president
p293	prefat	probable	1	kept; class guess -> probable
p296	president	probable	4	kept; family order
p300	preiudici	probable	1	new; family order; cosa a niun preiudici-al-e; the pre- zone is not in order
p304	presto	probable	3	kept; family order
p305	prest	probable	1	new; family order; prest-are orechie
p308	present	sure	9	kept; family order
p311	prim	probable	1	kept
p313	princip	probable	2	kept
p321	proposit	probable	1	new
p325	proved	probable	2	kept
p342	procura	probable	4	kept; order conflict with p325 proved, p321 proposit
p344	procuri	probable	2	changed from the last pass (was: procur, guess); order conflict with p325 proved, p321 proposit; che la procuri-no; che piu presto procuri alcun altro officio
p361	pres	guess	3	changed from the last pass (was: pro, probable); pres-to twice, in-pres-sa; fits the sense in 3 places but stands in the pro- zone
p363	pu	probable	1	kept; class guess -> probable
p373	pu	probable	2	kept
p374	pur	probable	2	kept; class guess -> probable
p383	public	probable	1	kept; class guess -> probable; order conflict with p374 pur
Q5	_	null	1	new; Q with a number 0-5
Q6	con	probable	2	kept; the sign Q is 'con' with any number; all 46 places read
Q8	con	sure	3	kept; class probable -> sure
Q9	con	sure	5	kept; class guess -> sure
Q10	con	probable	2	kept; class guess -> probable
Q13	con	sure	6	kept; class probable -> sure
Q15	con	probable	1	kept; class guess -> probable
Q17	con	probable	1	new; the sign Q is 'con' with any number; all 46 places read
Q18	con	sure	10	kept; class probable -> sure
Q20	con	probable	4	kept; class guess -> probable
Q21	con	probable	3	kept; class guess -> probable
Q23	con	probable	3	kept; class guess -> probable
Q25	con	probable	1	kept; class guess -> probable
Q27	con	guess	1	kept; the sign Q is 'con' with any number; all 46 places read
Q30	con	probable	2	kept; class guess -> probable
Q41	con	guess	1	new; the sign Q is 'con' with any number; all 46 places read
q2	_	null	3	kept; numbers 0-5: null
q4	_	null	1	kept; numbers 0-5: null
q6	g	probable	2	kept
q7	g	probable	2	kept
q8	g	guess	1	kept
q10	qua	sure	12	kept
q11	qual	guess	1	new
q12	qual	sure	12	kept
q13	quali	probable	2	kept
q17	quante	probable	5	changed from the last pass (was: quale, guess); al-quante linee; non obstante quante ragione; de quante al presente haver potesse (5 places)
q18	quanto	probable	13	kept; family order
q21	quando	probable	4	kept; class guess -> probable; family order
q27	quasi	probable	1	kept; class guess -> probable
q30	quasi	probable	1	new
q34	quatro	probable	2	kept; class guess -> probable
q37	quatrocento	guess	1	kept
q44	quel	probable	5	kept
q45	quello	probable	9	kept; family order
q47	quelle	probable	4	kept; family order
q48	quelli	guess	2	kept
q49	questo	sure	9	kept; family order
q50	questi	probable	3	kept; family order
q61	qui	probable	4	kept
q65	quieta	probable	1	kept
q81	quondam	guess	1	new
r4	_	null	1	kept; numbers 0-5: null
r7	f	probable	1	new; sta-riano f-res-chi; the reversed alphabet gives r = f
r10	ra	sure	34	kept
r17	ragione	probable	1	new
r41	re	sure	77	kept
r64	recor	probable	3	kept
r70	recorr	probable	1	kept; class guess -> probable; family order
r71	record	probable	2	kept; family order
r101	regno	probable	3	kept; family order
r102	regna	probable	1	new; family order
r137	remet	probable	1	kept; family order
r140	remes	probable	1	new; family order; lo hano remes-o a li ..; family of r137 remet
r142	remedi	probable	1	new; family order; basti a remedi-a-re tali inconvenienti
r146	render	probable	1	changed from the last pass (was: rende, guess); render-e bon testimonio
r158	replica	probable	1	kept
r190	res	probable	2	changed from the last pass (was: reserva, probable); f-res-chi; res-te in voi (changed from reserva)
r193	respecto	probable	1	new; family order; per ogni bon respecto
r196	resolucione	probable	3	changed from the last pass (was: resolu, guess); family order; la in-resolucione; spero haver resolucione avanti pasqua
r197	resolu	probable	1	kept; family order
r198	resolu	probable	5	kept
r201	resta	probable	1	kept
r203	resto	probable	3	kept; family order
r204	resta	probable	1	new; family order; resta-se ben in-corp-o-ra-to nel paper
r205	rest	probable	1	kept; family order
r211	retard	guess	1	kept
r215	restitucione	guess	1	new
r222	resposta	probable	3	kept; order conflict with r205 rest, r204 resta
r232	reten	probable	1	kept
r261	rechiest	probable	1	guess confirmed by a native speaker: salvo conducto rechiesto
r268	ri	probable	4	kept
r269	ria	probable	3	kept
r271	rie	sure	4	kept; family order
r272	riano	probable	2	kept; class guess -> probable; family order
r278	risico	guess	1	new; con dano et [..] suo
r296	ro	probable	13	kept
r309	roma	probable	2	kept
r327	ru	probable	1	kept; class guess -> probable
s0	_	null	1	kept; numbers 0-5: null
s1	_	null	1	kept; numbers 0-5: null
s2	_	null	3	kept; numbers 0-5: null
s4	_	null	1	kept; numbers 0-5: null
s5	_	null	1	kept; numbers 0-5: null
s6	e	sure	18	kept
s7	e	sure	17	kept
s8	e	sure	42	kept
s9	e	sure	20	kept
s10	sa	probable	6	kept
s22	salvo	probable	4	kept; family order
s26	salvament	probable	1	new; family order
s44	sanchez	probable	1	new; lo ambassator Sanchez che .. da Venetia (Alonso Sanchez, imperial envoy at Venice)
s68	saper	probable	1	new; family order; aspeta saper quello sia seguito
s69	sap	probable	5	kept; family order
s70	saona	probable	1	changed from the last pass (was: savona, probable); order conflict with s69 sap, s68 saper; spelled Saona as in the period; keeps the order before s72 sara
s72	sara	probable	1	new
s77	sarano	probable	2	new
s78	saria	probable	1	new
s80	satisfa	probable	1	new; satisfa-ce-n-do-mi
s113	scrive	sure	16	kept; family order
s116	script	sure	12	kept; family order
s117	scriptur	probable	2	kept
s138	se	sure	18	kept
s139	se	sure	16	kept
s143	secund	probable	2	kept; family order
s144	secretario	probable	2	new; family order; secretario Pe-re-z; quondam secretario B-ri-se-g-no
s147	secretario	guess	1	new
s151	secreto	probable	2	kept; class guess -> probable; family order
s153	secrete	probable	1	kept; family order
s155	secur	probable	2	kept; class guess -> probable
s167	segno	probable	1	new; cognoscere bon segno
s170	seguit	probable	1	kept; family order
s171	segui	probable	3	new; family order; quello sia segui-to de li exerciti; segui-re; segui-ti
s177	sempre	sure	6	kept
s187	sent	probable	1	new; sent-i-r parlare
s191	senza	probable	6	kept
s205	sequito	guess	1	new
s212	servir	probable	2	kept
s217	servitio	probable	2	kept
s219	servitor	probable	1	kept
s229	sessanta	guess	1	kept
s230	sette	probable	1	kept
s231	sexanta	guess	1	kept
s233	si	sure	39	kept
s234	sia	probable	6	kept
s235	siano	probable	3	kept; class guess -> probable
s242	signor	probable	2	kept
s243	signori	probable	2	kept
s245	signoria	probable	1	kept
s247	simil	probable	3	kept
s266	simon	probable	1	kept; class guess -> probable
s267	so	probable	4	kept
s268	soa	probable	3	changed from the last pass (was: sola, probable); a soa solita devotione; family so, soa, soe, soi, soa maesta
s269	soe	probable	1	kept; class guess -> probable; order conflict with s271 soa maesta, s272 soa signoria
s270	soi	probable	3	kept; class guess -> probable; order conflict with s271 soa maesta, s272 soa signoria
s271	soa maesta	sure	16	kept
s272	soa signoria	probable	3	changed from the last pass (was: soa excellentia, guess); the Grand Chancellor in all 3 places (D03, D11)
s273	soa excellentia	probable	6	changed from the last pass (was: soa signoria, guess); soa + title of the duke of D03; the title is inferred (he is a duke with an orator at court)
s287	solo	probable	2	new; family order; a soa excellentia solo; per esso solo
s288	sol	probable	2	kept; class guess -> probable; family order
s290	son	probable	1	kept; class guess -> probable
s291	sono	probable	4	kept
s292	sopra	probable	5	kept
s299	sotto	probable	6	kept
s305	sosten	guess	1	new
s316	sper	guess	1	proposed by a native speaker: sper-ato; sorts just before spero 320; the sense is not clear
s320	spero	sure	6	kept; family order
s321	sper	probable	1	new; family order; ne sper-a bene
s322	speranz	probable	1	kept
s323	stat	sure	5	kept; family order
s325	sta	probable	6	kept; family order
s326	sto	probable	3	kept
s345	studi	probable	1	kept
s346	su	probable	10	kept
s347	subito	probable	4	kept
s358	success	probable	1	kept
s364	superflu	probable	1	kept; class guess -> probable
s378	suplement	guess	1	new
s386	supli	probable	2	new; family order; ho supli-to ad ambi con uno scrivere; ho supli-o con quello che ho scripto
s387	supera	probable	1	kept; family order
t2	_	null	1	kept; numbers 0-5: null
t7	d	probable	3	kept
t8	d	probable	1	kept
t9	d	probable	1	kept
t10	ta	probable	13	kept
t16	tal	probable	6	kept
t17	tanto	probable	1	proposed by a native speaker: con la penna tanto piena de lacte; tanta is also possible
t19	tanto	probable	4	kept
t22	tardi	probable	1	new; mai o tanto tardi si resolu-en-no
t30	te	sure	37	kept
t36	tempo	probable	2	kept
t41	re	sure	3	changed from the last pass (was: re, sure, as a misread of another group); value does not begin with the base letter; true t on the image in no. 20, but the value is 're' in all 3 places (funda-re, po-ne-re, domand-a-re)
t49	tene	probable	1	kept
t54	terra	probable	2	kept
t64	testimonio	probable	2	guess confirmed by a native speaker for both places
t74	ti	probable	27	kept
t89	to	sure	55	kept
t90	toa	probable	4	kept
t92	toe	probable	5	kept
t118	tra	probable	3	kept
t121	tractament	probable	1	new; family order; con bon tractament-o
t133	tra	probable	1	kept; class guess -> probable; family order
t135	trenta	probable	1	kept; class guess -> probable
t152	trova	probable	2	changed from the last pass (was: tra, guess); family order; non mi trova-ra-no piu qua; non siano mai esse trova-te
t153	trov	probable	1	kept; family order
t157	tro	probable	2	kept; family order
t163	tu	sure	10	kept
t164	tuto	sure	10	kept; family order
t165	tuta	probable	1	kept; family order
t166	tute	probable	5	kept
t167	tuti	probable	1	kept
v3	_	null	1	kept; numbers 0-5: null
v5	_	null	1	kept; numbers 0-5: null
v6	c	sure	3	kept
v7	c	sure	3	kept
v8	c	sure	2	kept
v9	c	probable	1	kept
v10	va	probable	4	kept; class guess -> probable
v13	vale	probable	8	kept
v15	valenza	sure	3	kept
v24	vano	probable	2	new; family order; in vano e pensare; in vano
v26	van	probable	1	kept; family order
v38	ve	probable	3	kept; class guess -> probable
v41	vede	probable	3	kept
v42	vedi	probable	1	new
v66	venir	probable	1	kept; family order
v70	venetia	probable	1	new; family order; da Venetia
v71	venetiani	probable	2	kept; class guess -> probable
v79	ver	probable	1	kept
v81	vera	probable	2	new; esser la vera et .. via; stata vera
v85	vero	probable	1	kept; class guess -> probable
v114	vi	probable	12	kept
v116	via	probable	3	kept
v137	vien	probable	2	new; con-vien twice
v152	vinti	probable	4	kept
v157	violent	probable	1	kept; class guess -> probable
v166	vita	sure	5	kept
v189	un	probable	1	kept; class guess -> probable
v190	una	probable	7	kept
v191	uno	probable	5	kept
v192	unione	probable	2	kept; order conflict with v191 uno
v197	unica	probable	1	proposed by a native speaker (P. Rosson): la vera et unica via; una is v190
v205	vo	sure	4	kept
v206	voi	probable	3	kept
v208	voglia	probable	2	new; order conflict with v206 voi; qual-si-voglia; ad ogni voglia; voglia-no
v210	volunta	probable	2	kept; family order
v211	volta	probable	3	kept; family order
v212	volte	probable	2	kept
v216	vostri	probable	1	kept; class guess -> probable; family order
v217	vostre	probable	3	kept; family order
v224	vole	probable	5	kept; order conflict with v217 vostre, v216 vostri
v245	uscit	guess	1	new
v246	utile	probable	3	kept
v247	utili	probable	2	kept
v280	voglia	guess	1	kept
x7	b	probable	1	kept; class guess -> probable
y2	_	null	1	changed from the last pass (was: /, guess); y with a number 0-5
y3	_	null	1	changed from the last pass (was: /, guess); y with a number 0-5
y6	et	probable	5	changed from the last pass (was: /, probable); the sign y is 'et' (&) with any number; all 113 places read
y7	et	probable	4	changed from the last pass (was: /, probable); the sign y is 'et' (&) with any number; all 113 places read
y8	et	probable	7	changed from the last pass (was: /, probable); the sign y is 'et' (&) with any number; all 113 places read
y9	et	probable	4	changed from the last pass (was: /, probable); the sign y is 'et' (&) with any number; all 113 places read
y10	et	probable	2	changed from the last pass (was: /, guess); the sign y is 'et' (&) with any number; all 113 places read
y11	et	probable	1	changed from the last pass (was: /, guess); the sign y is 'et' (&) with any number; all 113 places read
y12	et	probable	3	changed from the last pass (was: /, probable); the sign y is 'et' (&) with any number; all 113 places read
y13	et	probable	6	changed from the last pass (was: /, probable); the sign y is 'et' (&) with any number; all 113 places read
y14	et	probable	1	changed from the last pass (was: /, guess); the sign y is 'et' (&) with any number; all 113 places read
y15	et	probable	8	changed from the last pass (was: /, probable); the sign y is 'et' (&) with any number; all 113 places read
y16	et	probable	10	changed from the last pass (was: /, probable); the sign y is 'et' (&) with any number; all 113 places read
y17	et	probable	6	changed from the last pass (was: /, probable); the sign y is 'et' (&) with any number; all 113 places read
y18	et	probable	11	changed from the last pass (was: /, probable); the sign y is 'et' (&) with any number; all 113 places read
y19	et	probable	5	changed from the last pass (was: /, probable); the sign y is 'et' (&) with any number; all 113 places read
y20	et	probable	4	changed from the last pass (was: /, probable); the sign y is 'et' (&) with any number; all 113 places read
y21	et	probable	4	changed from the last pass (was: /, probable); the sign y is 'et' (&) with any number; all 113 places read
y22	et	probable	2	changed from the last pass (was: /, guess); the sign y is 'et' (&) with any number; all 113 places read
y23	et	probable	1	changed from the last pass (was: /, guess); the sign y is 'et' (&) with any number; all 113 places read
y25	et	probable	3	changed from the last pass (was: /, probable); the sign y is 'et' (&) with any number; all 113 places read
y27	et	probable	2	changed from the last pass (was: /, guess); the sign y is 'et' (&) with any number; all 113 places read
y28	et	probable	4	changed from the last pass (was: /, probable); the sign y is 'et' (&) with any number; all 113 places read
y30	et	probable	1	changed from the last pass (was: /, guess); the sign y is 'et' (&) with any number; all 113 places read
y31	et	probable	5	changed from the last pass (was: /, probable); the sign y is 'et' (&) with any number; all 113 places read
y33	et	probable	1	changed from the last pass (was: /, guess); the sign y is 'et' (&) with any number; all 113 places read
y34	et	probable	2	changed from the last pass (was: /, guess); the sign y is 'et' (&) with any number; all 113 places read
y35	et	probable	1	changed from the last pass (was: /, guess); the sign y is 'et' (&) with any number; all 113 places read
y41	et	probable	1	changed from the last pass (was: /, guess); the sign y is 'et' (&) with any number; all 113 places read
y42	et	probable	1	changed from the last pass (was: /, guess); the sign y is 'et' (&) with any number; all 113 places read
y43	et	probable	2	changed from the last pass (was: /, guess); the sign y is 'et' (&) with any number; all 113 places read
y47	et	probable	1	changed from the last pass (was: /, guess); the sign y is 'et' (&) with any number; all 113 places read
y52	et	probable	1	new; the sign y is 'et' (&) with any number; all 113 places read
y53	et	probable	1	changed from the last pass (was: /, guess); the sign y is 'et' (&) with any number; all 113 places read
y100	et	guess	1	changed from the last pass (was: /, guess); the sign y is 'et' (&) with any number; all 113 places read
z1	_	null	1	kept; numbers 0-5: null
z2	_	null	3	kept; numbers 0-5: null
z3	_	null	1	kept; numbers 0-5: null
z5	_	null	1	kept; numbers 0-5: null
z6	a	sure	33	kept
z7	a	sure	28	kept
z8	a	sure	61	kept
z9	a	sure	45	kept
z13	zo	probable	2	kept
z15	zifra	sure	15	kept
z18	zoe	guess	1	new
