L1	~05? 11? 4' 15',? 2 5+ 11 6 18. f. 19 16+ 9p 3? ~4p 5p? 5? 12' 18 5+ 14p f 9'? 2 18. 12p 10+ 18 19p5? ~4+
L2	~15 5+ 15p 17 29+? 5+ 11 42 /.
L3	10 11 18, 8 13' 17 5. ~0 4p 5,? 18p 2'0 pp 12, 14 18, 8 13 ~19 17+ 12' 18' 5p 11 4' 13 19.
L4	{dupp da} /. 13. 14 f+ 11 C+ 9p 5+ 11 18+ 17 2'0 4, 14 5, 2'0 18 pp 12p 6 18 19p 6 19.
L5	2 13 4' 15+ 17 13' 13 12p 13 4p ~12 17+ 2 16+ 11 11 C+ 8 11, 15p 17+ 4' 13
L6	20+ 13, 17 2 18+ 18 19+ 18 2 11 11+ 14 3 11, 8' P 13 5+ C+ 11+ 9p 5 19
L7	2 11 ~1 3+ 13+ 7, 4, 14 15. 3 11, 4' 13 13 14 18 19p 13 19+ C+ 13 13 18, 2 18 19p
L8	19 R10 C, 6 18 19 5+ 2 11 4. 13'? 5, 5p 17 15p 17+ 17+ 13+ 4' 13 18, 8 11, 14
L9	13+ 11 14+ 10 12 n+ 18p 5, 7, 2 13 5 17p ^~5? 6 19 13+ 11 17p 18p 8, 14 C+
L10	5+ 2'0 13 9' 17p 7p 17 8 11, 11, f+ 12, 11 14p 18 15p 8 13. 14 11, / 9p n+
L11	18' 2 17 5, 17+ ~17+ ~17 15+ 17 14p 15 17p ~29? 19, 4p ~16+ C+ 9'p 5, 16+ 10
L12	15p 6 20, 6 18+ 13 5' 8 11, 18 19p 19, 8' 20+ 17 13p 19, 17+ ~5 6 19 15+ 17
L13	16. 2 11 ~16+ C+ 4' 8 13 4, 14 13+ C+ ~4+? 5, 14 8 11, 9p 5p 19' 5+ 11 11+
L14	4' 18+ ~4 5, 8 20+ R2 17p 4' 17 5p ~19 17+ 2 20 18 pp 12p 6 18 19p 2 11
L15	4. 13+ 4' 18+ C+ 8 11, 15p 17 13 5+ 8 13+ 5, 4' 13 18, 5+ 17p 4, 14 13+
L16	10 13 16+ 18 19 13+ 8 4, 14 / 6 19 10 ~13 13 18, 6 12+ 2 20 20+ 17 19, 17 14p
L17	5, 16. 2 11 C+ 2 20 2'0 18, 9p 20. ~2 19, 4, 17 4p 5+ 19 15p 0+? 2 8, 14 / 18.
L18	m, 4p 13 5' 14p C+ 17+ 18 19, 18+ 17 20, 19p 4, 2 4+ 19p 17 10 11 19. 19
L19	10 13 3. 14 13p 15p 17 19+, 6 19 2 18+ 4. 17p 17 18, C+ 4, 14 n' 4+ 5+
L20	18 14p 12+ 13 19+ 5p 11 Pp 13 5+ Z+ 11 C+ 6 18 18, 8 13 17 5. 4p 9p ~4 5.
L21	20+ 5+ 17+ 14+ 4' 18+ 5 20 18 ~n pp 12p 6 18 19p 17 5' 19+ 2 18+ 8 13'
L22	5 15, 19+ 17 18, n+ 18 19 3+ 13 7, 13 17+, 6 19 C+ 15, 8 11, 13' 16+ 11 11+
L23	6 18, 19 ~16+ C+ 6 11 11p 15. 14 5+ 18, 5+ 17p 17+ 15+ 17 18 5, 18 7p 4, 14
L24	13+ 6 19 16 6 19+ 18. 2
L25	n, 12p R10 18 11 20+ 13 5 18 20 18 pp ~12p 12p 6 18 19p 5, 7p 17 15p ~20 18p
L26	0+? 2 17 11, 5+ 19, 18 15p 8 13. 14 11, 10 13 7 2 13 5 17p 15+ 17 10 11
L27	4p 12, 13 C+ 7+ 4+ 10 11 18, 8 13 17 5. 4p 5p 11 20p, 5+ 20+ 4' 13 18, 5+
L28	17p 17+ C+ 16+ 11 20 2 8, 14 ( 4' 12+ 14+ 10 18p ) 6 2 18p 10 11 13 8' 6 19
L29	5' 20+ 14 4p? 18 7p 17 4' 13 18, ~17 15 4p 8+ 13 19+ ( 4' 13 19. 19 C+. ~22p?
L30	20p ~4 5, 10 13 20 11 19p 13+ 8 11, 2 20 2'0 18 C+ 14p 8+ 13 19+ 10 19p 11,
L31	2 13p 14p 16. 2 14+ 18, 7p 10 13 11 13 3p 17 5, 2 10 13 18, 6 12+ 4' 11 14p
L32	15+ 17 18 13p, 5+ 11 ^8 18 8 13 17 4 12+ 13 5p 19 17 ~13p 12p 8, 14 17 5+
L33	3p 13+ 18p 17+ 4' 13 5+ 19. 18 15p 8 12. 14 11, ) R6 18 19p 12 11 19, 18
L34	8+ 19, 2 R10 4+ 20+ 17 5p 13 13 10 13 2 11 4. 13, 15p 0+ 10 C+ 2'0 18 19,
