L1	C+ 20 13p 4+ V 6 4' 18+ 15, 20 10 12 15' 17 ^2 19p 13 19, 6 19 13+ 4? [gutter]
L2	18p 17, 6 2 11 18+ 17 20, 4, 14 5, 20' 18p 13p 6 18 19p 10 13 16. 6 10 15p [gutter]
L3	18, 18, 2 5+ ~19 17+ 18 19p 17 15p 5 17' 13+ f+ 11 12p 17+ 18, ~17+ 15+ [gutter]
L4	11,+? 20+ 19' 20p 8 11, 6 4' 12+ 15+ 17 11+ 13+ 8' 4, 10 6 19 2 13 [gutter]
L5	15+ 17 10 11 18' 4' 17 18' 5, 18 15p 8 13p 1? 15+ 17 16+ 7, 13p ~12 11 12+ 1? [gutter]
L6	19+ C, R 6 18 19p 17p 15p 5 17' 13+ 5+ 11 12p ~19+ 17+ 18p 17p 2? [gutter]
L7	4' 18, 8 13' 17+ f+ 11 11p 19+ ~17 R 2 / 11p 14 13 5+ f+ 20+ 20' 1? [gutter]
L8	12p 6 18 19p 4' 12p 13 5p 17+ C+ 18, 12, 17, 10 13 16+ V 14 n,? [gutter]
L9	4, 15'p 11 12+ 13 19+ 6 19 20, 18, 7p 4, 2 14 8 13, 18 7'? 19 Z , 9p? 20+ [gutter]
L10	5' 13p 18, 12+ 3'? 14 13p 4' 12' 5, 19p f+ ~17p? 15' 19+ 17 11' 7p 17+ 15+ [gutter]
L11	20, 2 5, 7, 2 13 5 17p 6 19 15+ 17 20, 2 5, 3, 18 4p 8 11, 2 4' 13 1? [gutter]
L12	18. 14 10 20, 4, 13, / C+ ~9+ 6 16. 2 13 19' 14 4' R 2 2 11 5+ 1? [gutter]
L13	18, 8 13' 17 5. 4p R 2 4' 17 5p 17 15+ 17 2 ~4 f+ 18' ~12 2 11 11+? [gutter]
L14	12p 6 18 19p 20' 18 pp 1? 2 V 2 4. [S-like sign with a closed loop at the top] 3. 14 13p Pp 4, 2 9? [gutter]
L15	12, ~12 11 12+ 13 19+ 18, R 2 4' 12p 13 5p / n+ 8p 13 5' 10 5 5, 19? [gutter]
L16	C+ 7+ 11, 4, 18, 12p 15+ 17 10 13 7, 13, 19, 2 ~14 13 13, 11p 4' 13 18+ [gutter]
