L1	11, 16. 2' 11, 13+ ~11? 11+ 2 13 5p ~21p? 19p 5+ 11 18'+? 13' 17 5. 4p 5p 11 20p 18,
L2	13' 12+ 8 11, 14 4' 13 18, 5+ 17p 19, 6 19,? 10 13 19+ 18, 5p 16+ 11 11, C+ 18,
L3	17+ 3 3+ 17' 15' 19. 19, 14 15' R6 2 11 5+ 19' 15p 18p 8, 14 , 6 19 9'? [gutter]
L4	18p 15+ 13 5' C+ 5+ 19' 18+ 13' 17 4' 12+ 13 5p 19' 17+ 12p 8, 14 ~19 17+
L5	2 11 p, 5+ 15 17 5, 13+ 5, 20' 18 pp 12p 6 18 19p 5+ 3 3p ~17 15p
L6	0+ 2 17 4' 13 12+ 13' 17 13. 12+ 17' 5, 8+ 13 19+ ,? 6 19 7' 17 18, 13' 13 19? [gutter]
L7	19' 3. 14 13p 15' p+ 3 3+ 17' 15+ 17 20+ 13 19. 17p 15+ 17 5+ 17+ 11+ 20? [gutter]
L8	8' V 2 14 13 5+ 13+ 18. 4+ 5+ 17+ 3 3+ 16. 2 11 C+' 10 13 4' 13 2? [gutter]
L9	13, 6 13 ~19+ /.
L10	14 11 p+ 5, 16+ 18 19' 9p 20+ 13 8'? 10 11 R6 4+ 7 17p 13 4, 2 ?? [gutter]
L11	19' 4p 12, 13p 17+ 11,+ 18. 6 8+ 13 19, 5+ 2 17 ~13+ ~12+ 12, 4' 13 2? [gutter]
L12	4. 13+ 7p 13 19+ 17, 6 C+ 9p 20+ 20p ~14+ 13+ 11 5+ 11 7, 13p 19' 2? [gutter]
L13	20' 11 ~21 19p 5, 11+ 13 8. 2 5' C+ , 6 19 10 13 5, 15+ 17 20+ 13 19. 17p
L14	4p 12 15' ~4 5+ 11 11p R14 C, 6 11p 18+ 10 13 19+ 13 5+ C+ 8 11, 20 8'? [gutter]
L15	19, 5, 16+ 11 15p 6 18+ 4' 12, 13 4, 2 13' 2 R10? 2 17 12p 17 18, 15p 17+? [gutter]
L16	13 5' 8 11, 10 13 4+ 17 19' 12' 5' 5, 6 18+ 17 ~19+ 17+ 18 19p 19, 10 13 11, 3? [gutter]
L17	19p / 9' 17p 10 13 19+ 13 5+ 13 5' 16+ 18 19' 15p 18p 8, 14 15' p+ 3 3? [gutter]
L18	17' 7p 4, 11 12+ 13 19+ 4' 13 4+ 17 19p 17 18, 4'? 13 16+ 11 11, 5, 8+ 13+ 2? [gutter]
L19	6 19 11'? 17' 20, 4, 13, 6 19 7p ~19+ 17+ 16. 2 11 ~16 C+ 12' 20, 12+ 13? [gutter]
L20	19p 13 19' 15, 20 9p 20+ 13 5' 10 11 ~5 18, 8 13' 17 5. 4p ~4 5p 11 20p 1? [gutter]
L21	20p 19' 2 11 11p 3' 17 8'.? 8 13p 2 11 4. 13+ 4' 12 15p ~14? 8 13, 6 5+ [gutter]
L22	12, 8 11 14 17 8+ 13 19+ C+ 20, 7'? 0+ 6 /.? 15+ 17 10 11 C+ 5+ 20? [gutter]
L23	20' 18 pp 12p 6 18 19p 9p? 20+ 17+ 2 11 5+ 19' 15p 18p 8, 14 19p 13 19' 1? [gutter]
L24	8, 14 17 4' 13 18, 5+ 17p 4, 14 13+ 6 19 R10 8. 2 17 5' 4' 12+ ~17p ~15+? [gutter]
L25	15p 12+ 12+ 13 19+ 5+ 19' 18, 8 13' 17 5. 4p 13+ 9p 2 20? 20+ 17 19, 19? [gutter]
L26	10 11 18, 8 13' 17 4' 12+ 13 5p 19' 17 12p 8, 14 19+ 5+ 20+ 19p 13 19' [gutter]
L27	7p 17 11' 20' 18 pp 12p 6 18 19p 15+ 17 11+ 2 20 20, 18' C+ 18, 9? [gutter]
L28	5, 3. 14 13 11. 14 8' 4' 12+ 10 11 du ~5 6 4' 13 18, 8 11, 2 19' 5p 12'? [gutter]
L29	19, 5+ 11 11, 18. 14 10 ~4 5, 7p 17 16. ~2? ~12? 2 11 18, 20' 8 11, 2 15p 17 19, 19? [gutter]
L30	16+ 11 11, 5+ V 2 R14 C, 6 11p 2 16'+? 11 11, 5, 13, 12+ 18 6 19? [gutter]
L31	p+ R10 3+ ~V ~14 V 10 5, 18. 14 10 18 19p 19, 15+ 17 2 16, 6 19p? [gutter]
L32	10 11 18. 14 R6 8 13' 20+ 5+ 13 5' 11+ 4'? 18+ 5+ ~12 11 12' 13 5' 4p? [gutter]
L33	13p 17 5, 18 17 19+ C+ 18 19p ~14 13 5'? 11. 10 15p 4, ~2+? 7, 4' 13+ 11 18? [gutter]
