L1	R 6 8 13 18+ 8 11, 15 f+ 3 3+ ~p n+ 18+ 13 19p 17 14 4p 18, 14 13+ ~4+
L2	5, 2 f+ 18 4+ 17 11. 6 19 2 12 m, 2 17 11. 4' 12+ 15, 20 11p 17 8p 12+
L3	13 19+ 13+ 9 fp 19 4' 13 19 2 3' 4p 2 20' 18p 12p 6 18 19p 10 11 C+
L4	12, 18 4. 18p 17p 5, 13 13 6 18+ 17. 16, 20, ~p n 11'? 18 11p ~15 14 13 5+
L5	6 5, 15p 17+ 17+ f+ 19 18+ 8 13 17 5. 4p C+ R 10 18 11 20+ 13 5' 18, 20'
L6	18p 12p 6 18 19p 5, 7p 17 15p 0+? 2 17 f+ 19p 8+ 13 19+ 10 13 7, 2 13
L7	5 17p 13+ ~4 5, 2 2 20 20, 18 2 11 du 6 19 2 v 10 18, 8 13' 17, 18. 6
L8	Z+ 17 18+ 17 11+ 20p 17 8 11, 14 8 13, 18' 18 15+ 19 6 19 8+ 11 18, 2 4' 13
L9	2 18, 8. 17p 17 8 11, ~16 C+ 16+ 18 19 13 13 ~5 6 15+ 17 19 17 13p 17
L10	8 11, 10 13 fp 13 13 2 11 4. 13, 12p 18 ~12p. 11p 12+ 13 19+ 15+ ~19 17 4' 13
L11	5. 17 16+ 11 11p 8+ 13 19+ 10 13 7? 2 ~14 13 5 17p 15+ 17 10 11 15. 17 18+ 17
L12	20, 4' 14 5, 20 18p 12p 6 18 19p 6 18+ 15 7+ 17, 18+, 6 18 18, 8 ~13p? 13 17
L13	5. ~4p 5, 7p 17+ fp 12 4p 13 19 18. 14 10 11 12+ 5+ 18, 12, 6. 19 n' 4. 17p 17
L14	5, 11+ 20p 17 8 11, ~15 14 8 13, 14 12 6p 6 19 12p 11p 10 12 ~p+ n+
L15	18, 14 13+ C+ 13+ ~17 15 19+ 18+ 17 9p? 20+ 17+ /.
L16	7, 13p 11 12+ 13 19+ 18p 17p 18+ 17 20, ~21? 19p 20' 18p 12p 6 18 19p 14 17 5, 13p
L17	12+ 2 11 f+ 19 18, 8 13 17 4' 12+ 13 fp 19 17 12p 8, 14 19+ C+ n' 20+
L18	fp 2 4 6 18 18+ 13 17 5. 4p f+ 11 fp 13p 17 13+ 4+ 18p 17' ~14 14
L19	15+ 17 2 f+ 18 4+ 17 8+ 14 2 11+ 6 19 ~13 12+ 19+ 17 13+ 13+ 11 11+ 4p 18
L20	19+ v 2, 6 19 15p 0+ 10 f+ 11 11+ 18 19p 19, 18. 14 10 4' 12+ 18,
L21	7+ 4+ 13+ 11 15p. 20'p 8, 14 f+ 11 18, 8 13' 17 5. 4p fp 11 20p 2 4 4,
L22	2 4 4, 14 C+ 19p 11 20' 11 19p 16. 2 11 C+ 12p 11, 8 13 18, 15, 17,
L23	19' 13' 13 8 11, n+ 14 4. 15p 18+ 10 13 5, ~20 18+ 17 20, 4, 14 5, 20'
L24	18p 12p 6 18 19p 6 19 fp ~14 13 13' 5, 6 18 18, 8 13' 17 5. 4p /.
L25	(empty)
L26	15p 17+ 2 ~4 5' 13 16+ 2 11 5+ 19' 18, 8 13' 17 5. 4p C+ 20' 18 pp 12p 6 18
L27	19p ~17 15+ 13 19. 19+ 11+ 18. 5+ 19+ R 2 8, 14 13, 6 19 R 10 18 17+
L28	19, ( 11p 18 4, 2 ~14 13 5' ~14. 13+ 15+ 17 6+ 20, ~2 19p 10 13 7, 13, 19, 2 11
L29	P, ~16 C+ 18, 15 13 13 4' 13 18, f+ 17p 17+ ) f+ 3 3+ 7p 17 14 8 13,
L30	18 7 17' ~4 P' 18+ 13 Pp? 15+ v? f+ ~12 17 19+ 12 15 2 11 4. 13, 13 8.
L31	2 19? fp 17+ 2 16. 2 11 18, 20' 8 11, 2 18' 17 19+ 5, 18 15+ 18p ~14+
L32	14 pp 20p 8 11, 14 15+ 17 7, 13, 17+ 6 19? 20 11 ~2 19, 12p 17+ 16. 6 11
L33	11+ 4' 18+ 5, 7, 2 13 5 17p 2 12 16. 2 11+ 6 7+ 19 8 11, 15p 17+ /?
