# Cipher of Charles I with Captain Silius Titus, 1648. Values aligned by us from Hillier, Narrative (1852) pp.153-161, 210, 240
# (OCR text of archive.org narrativeofattem00hilluoft; p.155 checked on the page image). Hillier prints the figures and a free
# decipherment in italics; the split figure by figure is ours. ? = doubtful. Third column: note from the 1646 sister key.
code	value	note
7	p	letter
10	o	letter
11	o	letter
14	h	letter
15	h	letter
16	h	letter
20	a	letter
21	a	letter
22	a	letter
23	a	letter
31	u	letter
32	u	letter
33	u	letter
35	b	letter
36	b	letter
38	g	letter
39	g	letter
40	g	letter
41	k	letter
42	k	letter
46	y	letter
47	y	letter
50	r	letter
51	r	letter
52	r	letter
53	w	letter
54	w	letter
55	w	letter
60	l	letter
63	s	letter
64	s	letter
65	s	letter
66	s	letter
67	d	letter
68	d	letter
71	n	letter
72	n	letter
73	n	letter
78	t	letter
79	t	letter
80	t	letter
84	j	letter
91	e	letter
92	e	letter
93	e	letter
94	e	letter
96	c	letter
97	c	letter
98	c	letter
99	c	letter
102	an	
103	am	
104	as	
105	at	
106	al	
107	ar	
108	and	
109	any	
112	after	
113	able	
115	about	
116	but	
117	be	
118	by	
126	can	
127	con	
128	com	
131	cause	
132	could	
133	course	
135	do	
136	dis	
137	de	
140	did	
141	dar	
143	ed	
144	el	
149	end	
150	endeavour?	
151	ever	
152	en?	
158	for	
159	fit	
164	fail	
165	find	
169	from	
174	friend	
176	God	
177	go	
179	get	
181	good	
182	give	
184	great	
185	help	
186	he	
187	her	
189	him	
193	had	
194	hath	
198	horse	
200	(stop)	
201	(stop)	
202	(stop)	
203	here	
209	I	
210	it	
211	is	
212	in	
213	if	
215	il	
216	ing	
218	just	
226	know	
228	ly	
230	like	
231	leave	
232	life	
250	me	
251	my	
253	may	
254	made	
255	men	
257	much	
263	must	
264	make	
269	no	
270	not	
271	now?	
274	next	
275	nigh	
279	of	
280	or	
281	on	
282	ow	
284	our	
289	other	
292	pre	
296	put	
298	p??	party?
302	place	
313	re	
315	Queen	
335	so	
337	some	
338	such	
340	send	
343	sure	
344	soon	
349	shall	
356	ship	
359	to	
360	the	
361	this	
363	that	
364	then	
367	there	
369	trust	
371	time	
375	t??	treat(y)? (1646 key 375 = treat)
376	try	
377	thing	
379	though	
381	un	
382	us	
383	up	
389	w??	wag(er)?
391	we	
392	window	
397	was	
399	will	
401	with	
404	where	
405	which	
411	wise	
413	write	
420	you	
437	assist	
453	business	
457	Lady Carlisle	
463	answer	
465	confide	
468	contents	
478	design	
479	desire	
483	danger	
493	Rogers?	Earl? (Hillier: Rogers; 1646 key 503 = Earl)
505	affair?	
509	paper	Holland? (Hillier: papers; H in the 1646 order)
512	Parliament	Independent? (Hillier: Parliament; 1646 key 522 = Independent)
531	land	
532	letter?	
541	?(Con)	Monsieur? (before "c-on"; M in the 1646 order)
546	??	Northumberland? (N in the 1646 order; 1646 key 555 = Nicholas)
557	order	
563	certain	particular? (Hillier: certain; P in the order)
564	treaty	overture or proposition? (Hillier: treaty; O/P in the order)
571	provid	
577	??	
599	service	
608	trouble	
631	first	
634	one	
635	two	
636	three	
637	four	
638	five	
639	six	
643	ten	
644	eleven	
647	twenty	
651	week	
656	thousand	
659	Monday	
660	Tuesday	
662	Wednesday	
665	Sunday	
672	May	
680	wife	
686	escape	
689	??name	a name (Hillier: him)
705	boat	
708	Col. Legge	
714	Dr Fraizer	
715	Mrs Whorwood	
